"Destination,Region,Avg_Flight_Cost,Est_Daily_Cost Boston, MA (Metropolitan Area),North America,283.0,176.0 Buffalo, NY,North America,214.0,176.0 Charleston, SC,North America,161.0,176.0 Charlotte, NC,North America,262.0,176.0 Chicago, IL,North America,228.0,176.0 Cincinnati, OH,North America,225.0,176.0 Cleveland, OH (Metropolitan Area),North America,242.0,176.0 Columbus, OH,North America,238.0,176.0 Dallas/Fort Worth, TX,North America,243.0,176.0 Denver, CO,North America,233.0,176.0 Detroit, MI,North America,249.0,176.0 Fort Myers, FL,North America,244.0,176.0 Grand Rapids, MI,North America,246.0,176.0 Hartford, CT,North America,218.0,176.0 Houston, TX,North America,239.0,176.0 Indianapolis, IN,North America,247.0,176.0 Jacksonville, FL,North America,239.0,176.0 Kansas City, MO,North America,251.0,176.0 Las Vegas, NV,North America,228.0,176.0 Los Angeles, CA (Metropolitan Area),North America,275.0,176.0 Miami, FL (Metropolitan Area),North America,227.0,176.0 Minneapolis/St. Paul, MN,North America,252.0,176.0 Nashville, TN,North America,231.0,176.0 New Orleans, LA,North America,243.0,176.0 New York City, NY (Metropolitan Area),North America,282.0,176.0 Norfolk, VA (Metropolitan Area),North America,232.0,176.0 Orlando, FL,North America,215.0,176.0 Philadelphia, PA,North America,244.0,176.0 Phoenix, AZ,North America,246.0,176.0 Pittsburgh, PA,North America,247.0,176.0 Portland, OR,North America,256.0,176.0 Raleigh/Durham, NC,North America,253.0,176.0 Richmond, VA,North America,233.0,176.0 Sacramento, CA,North America,264.0,176.0 Salt Lake City, UT,North America,262.0,176.0 San Antonio, TX,North America,249.0,176.0 San Diego, CA,North America,244.0,176.0 San Francisco, CA (Metropolitan Area),North America,285.0,176.0 Savannah, GA,North America,232.0,176.0 Seattle, WA,North America,276.0,176.0 St. Louis, MO,North America,246.0,176.0 Tampa, FL (Metropolitan Area),North America,220.0,176.0 Washington, DC (Metropolitan Area),North America,276.0,176.0 West Palm Beach/Palm Beach, FL,North America,256.0,176.0 Switzerland,Europe,850,253.0 Bahamas,North America,400,212.0 Iceland,Europe,850,208.0 Singapore,Asia,1200,192.0 Barbados,North America,400,192.0 Norway,Europe,850,190.0 Denmark,Europe,850,181.0 Hong Kong (China),Asia,1200,177.0 Australia,Oceania,1600,176.0 Austria,Europe,850,163.0 Canada,North America,400,162.0 New Zealand,Oceania,1600,162.0 Ireland,Europe,850,161.0 France,Europe,850,159.0 Puerto Rico,North America,400,158.0 Finland,Europe,850,158.0 Netherlands,Europe,850,158.0 United Kingdom,Europe,850,156.0 Germany,Europe,850,152.0 Belgium,Europe,850,150.0 Italy,Europe,850,143.0 Sweden,Europe,850,140.0 Uruguay,South America,700,138.0 Costa Rica,North America,400,123.0 Spain,Europe,850,119.0 Taiwan,Asia,1200,118.0 Czech Republic,Europe,850,116.0 Greece,Europe,850,114.0 Portugal,Europe,850,113.0 Croatia,Europe,850,112.0 Panama,North America,400,111.0 Poland,Europe,850,105.0 Chile,South America,700,105.0 South Korea,Asia,1200,104.0 Japan,Asia,1200,99.0 Hungary,Europe,850,98.0 Dominican Republic,North America,400,95.0 Turkey,Asia,1200,94.0 Cambodia,Asia,1200,93.0 Fiji,Oceania,1600,88.0 Sri Lanka,Asia,1200,86.0 South Africa,Africa,1100,86.0 Thailand,Asia,1200,85.0 Ecuador,South America,700,82.0 China,Asia,1200,79.0 Vietnam,Asia,1200,78.0 Malaysia,Asia,1200,78.0 Peru,South America,700,77.0 Brazil,South America,700,77.0 Argentina,South America,700,70.0 Philippines,Asia,1200,68.0 Indonesia,Asia,1200,66.0 Colombia,South America,700,65.0 India,Asia,1200,53.0 Egypt,Africa,1100,48.0"